Título,Año,Descripción,Autor,Tipo de archivo,Link sinia,Link externo,Link,Código,Perfil,Clasificación,documentos complementarios,ampyd,Ubicación en la estructura
Establecimientos de atención de la salud y Adaptación al Cambio Climático,2023,,Inés Asís,Documento,Link,,https://ciam.ambiente.gob.ar/images/uploaded/recursos/377/Establecimientos%20de%20atenci%C3%B3n%20de%20la%20salud%20y%20adaptaci%C3%B3n%20al%20cambio%20clim%C3%A1tico.pdf,,"Público general, Gestores públicos locales, Gestores públicos provinciales, Gestores públicos nacionales",,Estrategia Nacional de Salud y Cambio Climático,Adaptación,¿Que esta haciendo el estado nacional - Marco Nacional - Sectores en la accion climática-salud
Abordaje de las enfermedades transmitidas por vectores en el contexto de cambio climático,2023,,Lara Della Cecca,Documento,Link,,https://ciam.ambiente.gob.ar/images/uploaded/recursos/379/Vectores%20y%20cambio%20clim%C3%A1tico.pdf,,"Público general, Gestores públicos locales, Gestores públicos provinciales, Gestores públicos nacionales",Capacitaciones,Estrategia Nacional de Salud y Cambio Climático,Adaptación,¿Que esta haciendo el estado nacional - Marco Nacional - Sectores en la accion climática-salud
Movilidad humana y cambio climático: Aproximación conceptual y abordaje en el contexto argentino  ,2023,,"Gómez, P; Cruells, L, Peralta, M, Falivene Fernández M. L",Documento,Link,,https://ciam.ambiente.gob.ar/images/uploaded/recursos/398/Movilidad%20Humana%20y%20Cambio%20Clim%C3%A1tico.pdf,,"Público general, Gestores públicos locales, Gestores públicos provinciales, Gestores públicos nacionales",Solo en biblioteca general,Pérdidas y daños,Adaptación,Gestión climática - sobre pérdidas y daños
"Actualización de índices de
vulnerabilidad social frente a
desastres
Avance 2022",2022,,Claudia Natenzon ,Documento,Link,,https://ciam.ambiente.gob.ar/images/uploaded/recursos/418/Actualizaci%C3%B3n%20de%20%C3%ADndices%20de%20vulnerabilidad%20social%20frente%20a%20desastres.%20Avance%202022..pdf,,"Gestores públicos locales, Gestores públicos provinciales, Gestores públicos nacionales",Solo en biblioteca general,Adaptación,Adaptación,Gestión climática -sobre adaptación
Resumen ejecutivo: La percepción de la sociedad argentina sobre el cambio climático,2022,Resumen ejecutivo,Carmelo Polino,Documento,Link,,https://ciam.ambiente.gob.ar/images/uploaded/recursos/399/La%20percepci%C3%B3n%20de%20la%20Sociedad%20Argentina%20sobre%20el%20cambio%20clim%C3%A1tico%20-%202022.pdf,,Público general,Ciudadanía,-,Adaptación,
Informe la percepción de la sociedad argentina sobre el cambio climático,2023,,Carmelo Polino,Documento,Link,,https://ciam.ambiente.gob.ar/images/uploaded/recursos/570/La%20percepci%C3%B3n%20de%20la%20sociedad%20argentina%20sobre%20cambio%20clim%C3%A1tico%202023.pdf,,Público general,Ciudadanía,-,Adaptación,
Lineamientos para la elaboración de planes de respuesta al cambio climático: Componente de adaptación,2021,,"Falivene Fernández, M. L.; Cundari, A.; Calvet, M.A.; Vázquez, M.",Documento,Link,,https://ciam.ambiente.gob.ar/images/uploaded/recursos/401/Lineamientos%20para%20la%20elaboraci%C3%B2n%20de%20planes%20de%20respuesta%20al%20cambio%20clim%C3%A1tico.pdf,,"Gestores públicos nacionales, Gestores públicos provinciales, Gestores públicos locales",Solo en biblioteca general,Planes de respuesta,Adaptación,¿Que esta haciendo el estado nacional - Marco Nacional - Ley 27520 - Planes de respuesta
Lineamientos para incorporar el enfoque Adaptación basada en Ecosistemas en Planes de Respuesta al Cambio Climático.,2021,Publicación con marco conceptual de enfoque de adaptación basado en ecosistemas. Recomendaciones .,"Calvet, M.A.; Vázquez, M.",Documento,Link,,https://ciam.ambiente.gob.ar/images/uploaded/recursos/403/Lineamientos%20para%20la%20transversalizaci%C3%B3n%20de%20la%20adaptaci%C3%B3n%20basada%20en%20ecosistemas%20en%20los%20planes%20de%20respuesta.pdf,,"Gestores públicos nacionales, Gestores públicos provinciales, Gestores públicos locales",Solo en biblioteca general,Planes de respuesta,Adaptación,¿Que esta haciendo el estado nacional - Marco Nacional - Ley 27520 - Planes de respuesta
Lineamientos para incorporar el enfoque Adaptación basada en Comunidades en Planes de Respuesta al Cambio Climático.,2021,Publicación con marco conceptual de enfoque de adaptación basado en comunidades. Recomendaciones .,"Cruells, L.; Falivene, Fernández, M. L; Cundari, A; Busconi, A",Documento,Link,,https://ciam.ambiente.gob.ar/images/uploaded/recursos/400/Lineamientos%20para%20incorporar%20el%20enfoque%20de%20Adaptaci%C3%B3n%20basada%20en%20Comunidades%20en%20Planes%20de%20Respuesta%20al%20Cambio%20Clim%C3%A1tico.pdf,,"Gestores públicos nacionales, Gestores públicos provinciales, Gestores públicos locales",Solo en biblioteca general,Planes de respuesta,Adaptación,¿Que esta haciendo el estado nacional - Marco Nacional - Ley 27520 - Planes de respuesta
Cambio climático desde la visión de los Pueblos Indígenas,2023,,Daniela García; Adriana Menegaz; María Leticia Cruells; María del Valle Peralta,Documento,Link,,https://ciam.ambiente.gob.ar/images/uploaded/recursos/405/Cambio%20clim%C3%A1tico%20desde%20la%20visi%C3%B3n%20de%20los%20Pueblos%20Ind%C3%ADgenas.pdf,,"Pueblos indigenas, Docentes",Comunidad Educativa,Educación Intercultural Plurilingue,Adaptación,¿Que esta haciendo el estado nacional - Marco Nacional -Sectores en la accion climática - Interculturalidad
"El acceso al conocimiento
para ejercer el derecho
a participar y decidir",2023,,Daniela García; Adriana Menegaz; María Leticia Cruells; María del Valle Peralta,Documento,Link,,https://ciam.ambiente.gob.ar/images/uploaded/recursos/409/El%20acceso%20al%20conocimiento%20para%20ejercer%20el%20derecho%20a%20participar%20y%20decidir.pdf,,"Pueblos indigenas, Docentes",Comunidad Educativa,Educación Intercultural Plurilingue,Adaptación,¿Que esta haciendo el estado nacional - Marco Nacional -Sectores en la accion climática - Interculturalidad
Instrumentos que garantizan la participación de los Pueblos Indígenas a nivel nacional e internacional,2023,,Daniela García; Adriana Menegaz; María Leticia Cruells; María del Valle Peralta,Documento,Link,,https://ciam.ambiente.gob.ar/images/uploaded/recursos/411/Instrumentos%20que%20garantizan%20la%20participaci%C3%B3n%20de%20los%20Pueblos%20Ind%C3%ADgenas%20.pdf,,"Pueblos indigenas, Docentes",Comunidad Educativa,Educación Intercultural Plurilingue,Adaptación,¿Que esta haciendo el estado nacional - Marco Nacional -Sectores en la accion climática - Interculturalidad
Informe Anual Gabinte Nacional de Cambio Climático ,2022,Informe Anual del Gabinete Nacional de Cambio Climático – Año 2022,Gabinete Nacional de Cambio Climático ,Documento,Link,,https://ciam.ambiente.gob.ar/images/uploaded/recursos/382/2022%20Informe%20Anual%20de%20Gesti%C3%B3n%20del%20GNCC.pdf,,Incluir sólo en la estructuctura correspondiente,Solo en biblioteca general,GNCC,"Adaptación, Mitigación, Pérdidas y daños",¿Que esta haciendo el estado nacional - Marco Nacional - Ley 27520 - GNCC
Informe Anual Gabinte Nacional de Cambio Climático ,2023,Informe Anual del Gabinete Nacional de Cambio Climático – Año 2023,Gabinete Nacional de Cambio Climático ,Documento,Link,,https://ciam.ambiente.gob.ar/images/uploaded/recursos/385/2023%20Informe%20Anual%20de%20Gesti%C3%B3n%20GNCC.docx.pdf,,Público general,Solo en biblioteca general,GNCC,"Adaptación, Mitigación, Pérdidas y daños",¿Que esta haciendo el estado nacional - Marco Nacional - Ley 27520 - GNCC
Informe Anual Gabinte Nacional de Cambio Climático ,2021,Informe Anual del Gabinete Nacional de Cambio Climático – Año 2021,Gabinete Nacional de Cambio Climático ,Documento,Link,,https://ciam.ambiente.gob.ar/images/uploaded/recursos/386/Informe%20Anual%20GNCC%202021.pdf,,Incluir sólo en la estructuctura correspondiente,Solo en biblioteca general,GNCC,"Adaptación, Mitigación, Pérdidas y daños",¿Que esta haciendo el estado nacional - Marco Nacional - Ley 27520 - GNCC
Informe Anual Gabinte Nacional de Cambio Climático ,2020,Informe Anual del Gabinete Nacional de Cambio Climático – Año 2020,Gabinete Nacional de Cambio Climático ,Documento,Link,,https://ciam.ambiente.gob.ar/images/uploaded/recursos/387/Informe%20Anual%20GNCC%202020.pdf,,Incluir sólo en la estructuctura correspondiente,Solo en biblioteca general,GNCC,"Adaptación, Mitigación, Pérdidas y daños",¿Que esta haciendo el estado nacional - Marco Nacional - Ley 27520 - GNCC
Informe Anual Gabinte Nacional de Cambio Climático ,2019,Informe de Actividades del Gabinete Nacional de Cambio Climático – Año 2016 al 2019,Gabinete Nacional de Cambio Climático ,Documento,Link,,https://ciam.ambiente.gob.ar/images/uploaded/recursos/388/informe_de_actividades_2016-_2019_.pdf,,Incluir sólo en la estructuctura correspondiente,Solo en biblioteca general,GNCC,"Adaptación, Mitigación, Pérdidas y daños",¿Que esta haciendo el estado nacional - Marco Nacional - Ley 27520 - GNCC
Informe Anual Gabinte Nacional de Cambio Climático ,2018,Informe de Actividades del Gabinete Nacional de Cambio Climático – Año 2018,Gabinete Nacional de Cambio Climático ,Documento,Link,,https://ciam.ambiente.gob.ar/images/uploaded/recursos/389/2018%20Informe%20de%20Actividades%20GNCC.pdf,,Incluir sólo en la estructuctura correspondiente,Solo en biblioteca general,GNCC,"Adaptación, Mitigación, Pérdidas y daños",¿Que esta haciendo el estado nacional - Marco Nacional - Ley 27520 - GNCC
Informe Anual Gabinte Nacional de Cambio Climático ,2017,Informe de Actividades del Gabinete Nacional de Cambio Climático – Año 2017,Gabinete Nacional de Cambio Climático ,Documento,Link,,https://ciam.ambiente.gob.ar/images/uploaded/recursos/390/2017%20Informe%20de%20Actividades%20GNCC.pdf,,Incluir sólo en la estructuctura correspondiente,Solo en biblioteca general,GNCC,"Adaptación, Mitigación, Pérdidas y daños",¿Que esta haciendo el estado nacional - Marco Nacional - Ley 27520 - GNCC
Informe Anual Consejo Asesor Externo,2022,Informe de Actividades del Consejo Asesor Externo – Año 2022,Gabinete Nacional de Cambio Climático ,Documento,Link,,https://ciam.ambiente.gob.ar/images/uploaded/recursos/392/2022%20Informe%20Anual%20CAE.pdf,,Incluir sólo en la estructuctura correspondiente,Solo en biblioteca general,GNCC,"Adaptación, Mitigación, Pérdidas y daños",¿Que esta haciendo el estado nacional - Marco Nacional - Ley 27520 - GNCC
Informe Anual Consejo Asesor Externo,2023,Informe de Actividades del Consejo Asesor Externo – Año 2023,Gabinete Nacional de Cambio Climático ,Documento,Link,,https://ciam.ambiente.gob.ar/images/uploaded/recursos/393/2023%20Informe%20Anual%20CAE.pdf,,Público general,Solo en biblioteca general,GNCC,"Adaptación, Mitigación, Pérdidas y daños",¿Que esta haciendo el estado nacional - Marco Nacional - Ley 27520 - GNCC
"
Estrategia de Géneros, Diversidad y Cambio Climático",2023,Bases para el abordaje del tema en la acción climática y se establece como instrumento rector para la transversalización de la perspectiva de género y diversidad de la política climática argentina. ,Antonela Busconi; María Luz; Falivene Fernández; María del Valle Peralta; Florencia Trentini,Documento,Link,,"https://ciam.ambiente.gob.ar/images/uploaded/recursos/420/Estrategia%20Nacional%20de%20G%C3%A9neros,%20Diversidad%20y%20Cambio%20Clim%C3%A1tico.pdf",,Público general,Ciudadanía,Estrategia Nacional de Géneros y Diversidades,"Adaptación, Mitigación, Pérdidas y daños",¿Que esta haciendo el estado nacional - Marco Nacional - Sectores en la accion climática- Género
La adaptación al cambio climático desde una perspectiva de género y diversidad,2023,Marco introductorio sobre la problemática del cambio climático desde una perspectiva de género y diversidad.,Antonela Busconi; Fabiana Menna; María del Valle Peralta; María Luz Falivene; Nuria Zanzottera; Magalí Turkenich; Laura Jazmín Schencman; Mariano Gonzalez King,Documento,Link,,https://ciam.ambiente.gob.ar/images/uploaded/recursos/421/la%20adaptacion%20al%20cambio%20climatico%20desde%20una%20perspectiva%20de%20genero%20y%20diversidad.pdf,,Incluir sólo en la estructuctura correspondiente,Ciudadanía,Estrategia Nacional de Géneros y Diversidades,"Adaptación, Mitigación, Pérdidas y daños",¿Que esta haciendo el estado nacional - Marco Nacional - Sectores en la accion climática- Género
La perspectiva de género y diversidad en la política climática argentina Sector agro y bosques ,2023,"Guías  que presentan conceptos y herramientas para transversalizar la perspectiva de género y diversidad en la planificación de acciones climáticas sectoriales. Identifican las principales brechas de género en los distintos sectores e ilustran, a través de ejemplos y recomendaciones, de qué manera incorporar este enfoque en el diseño de medidas.  Las infografías arrojan los principales hallazgos por sector",Agustina Bendersky; Antonela Busconi; Fabiana Menna; María del Valle Peralta; María Luz; Falivene Fernández; Nuria Zanzzottera,Documento,Link,,https://ciam.ambiente.gob.ar/images/uploaded/recursos/423/La%20perspectiva%20de%20g%C3%ABnero%20y%20diversidad%20en%20la%20pol%C3%ACtica%20clim%C3%A1tica%20argentina.%20Sector%20Agro%20y%20Bosques..pdf,,Incluir sólo en la estructuctura correspondiente,Ciudadanía,Estrategia Nacional de Géneros y Diversidades,"Adaptación, Mitigación, Pérdidas y daños",¿Que esta haciendo el estado nacional - Marco Nacional - Sectores en la accion climática- Género
Infografía La perspectiva de género y diversidad en la política climática argentina Sector agro y bosques ,2023,,Agustina Bendersky; Antonela Busconi; Fabiana Menna; María del Valle Peralta; María Luz; Falivene Fernández; Nuria Zanzzottera,Infografía,Link,,https://ciam.ambiente.gob.ar/images/uploaded/recursos/462/Infografia%20Agro%20y%20bosques.pdf,,Incluir sólo en la estructuctura correspondiente,Ciudadanía,Estrategia Nacional de Géneros y Diversidades,"Adaptación, Mitigación, Pérdidas y daños",¿Que esta haciendo el estado nacional - Marco Nacional - Sectores en la accion climática- Género
La perspectiva de género y diversidad en la política climática argentina Sector Energía.,2023,,Agustina Bendersky; Antonela Busconi; Fabiana Menna; María del Valle Peralta; María Luz; Falivene Fernández; Nuria Zanzzottera,Documento,Link,,https://ciam.ambiente.gob.ar/images/uploaded/recursos/428/La%20perspectiva%20de%20g%C3%ABnero%20y%20diversidad%20en%20la%20pol%C3%ACtica%20clim%C3%A1tica%20argentina.%20Sector%20Energ%C3%ADa..pdf,,Incluir sólo en la estructuctura correspondiente,Ciudadanía,Estrategia Nacional de Géneros y Diversidades,"Adaptación, Mitigación, Pérdidas y daños",¿Que esta haciendo el estado nacional - Marco Nacional - Sectores en la accion climática- Género
Infografía La perspectiva de género y diversidad en la política climática argentina Sector Energía,2023,,Agustina Bendersky; Antonela Busconi; Fabiana Menna; María del Valle Peralta; María Luz; Falivene Fernández; Nuria Zanzzottera,Infografía,Link,,https://ciam.ambiente.gob.ar/images/uploaded/recursos/463/Infografia%20Energia.pdf,,Incluir sólo en la estructuctura correspondiente,Ciudadanía,Estrategia Nacional de Géneros y Diversidades,"Adaptación, Mitigación, Pérdidas y daños",¿Que esta haciendo el estado nacional - Marco Nacional - Sectores en la accion climática- Género
La perspectiva de género y diversidad en la política climática argentina Sector Industria.,2023,,Agustina Bendersky; Antonela Busconi; Fabiana Menna; María del Valle Peralta; María Luz; Falivene Fernández; Nuria Zanzzottera,Documento,Link,,https://ciam.ambiente.gob.ar/images/uploaded/recursos/430/La%20perspectiva%20de%20g%C3%ABnero%20y%20diversidad%20en%20la%20pol%C3%ACtica%20clim%C3%A1tica%20argentina.%20Sector%20Industria..pdf,,Incluir sólo en la estructuctura correspondiente,Ciudadanía,Estrategia Nacional de Géneros y Diversidades,"Adaptación, Mitigación, Pérdidas y daños",¿Que esta haciendo el estado nacional - Marco Nacional - Sectores en la accion climática- Género
Infografía La perspectiva de género y diversidad en la política climática argentina Sector Industria.,2023,,Agustina Bendersky; Antonela Busconi; Fabiana Menna; María del Valle Peralta; María Luz; Falivene Fernández; Nuria Zanzzottera,Infografía,Link,,https://ciam.ambiente.gob.ar/images/uploaded/recursos/464/Infografia%20Industria%20y%20g%C3%A9nero.pdf,,Incluir sólo en la estructuctura correspondiente,Ciudadanía,Estrategia Nacional de Géneros y Diversidades,"Adaptación, Mitigación, Pérdidas y daños",¿Que esta haciendo el estado nacional - Marco Nacional - Sectores en la accion climática- Género
La perspectiva de género y diversidad en la política climática argentina Sector Salud.,2023,,Agustina Bendersky; Antonela Busconi; Fabiana Menna; María del Valle Peralta; María Luz; Falivene Fernández; Nuria Zanzzottera,Documento,Link,,https://ciam.ambiente.gob.ar/images/uploaded/recursos/431/La%20perspectiva%20de%20g%C3%ABnero%20y%20diversidad%20en%20la%20pol%C3%ACtica%20clim%C3%A1tica%20argentina.%20Sector%20Salud..pdf,,Incluir sólo en la estructuctura correspondiente,Ciudadanía,Estrategia Nacional de Géneros y Diversidades,"Adaptación, Mitigación, Pérdidas y daños",¿Que esta haciendo el estado nacional - Marco Nacional - Sectores en la accion climática- Género
Infografía La perspectiva de género y diversidad en la política climática argentina Sector Salud.,2023,,Agustina Bendersky; Antonela Busconi; Fabiana Menna; María del Valle Peralta; María Luz; Falivene Fernández; Nuria Zanzzottera,Infografía,Link,,https://ciam.ambiente.gob.ar/images/uploaded/recursos/466/Infografia%20Salud.pdf,,Incluir sólo en la estructuctura correspondiente,Ciudadanía,Estrategia Nacional de Géneros y Diversidades,"Adaptación, Mitigación, Pérdidas y daños",¿Que esta haciendo el estado nacional - Marco Nacional - Sectores en la accion climática- Género
La perspectiva de género y diversidad en la política climática argentina Sector Transporte.,2023,,Agustina Bendersky; Antonela Busconi; Fabiana Menna; María del Valle Peralta; María Luz; Falivene Fernández; Nuria Zanzzottera,Documento,Link,,https://ciam.ambiente.gob.ar/images/uploaded/recursos/432/La%20perspectiva%20de%20g%C3%ABnero%20y%20diversidad%20en%20la%20pol%C3%ACtica%20clim%C3%A1tica%20argentina.%20Sector%20Transporte..pdf,,Incluir sólo en la estructuctura correspondiente,Ciudadanía,Estrategia Nacional de Géneros y Diversidades,"Adaptación, Mitigación, Pérdidas y daños",¿Que esta haciendo el estado nacional - Marco Nacional - Sectores en la accion climática- Género
Infografía La perspectiva de género y diversidad en la política climática argentina Sector Transporte,2023,,Agustina Bendersky; Antonela Busconi; Fabiana Menna; María del Valle Peralta; María Luz; Falivene Fernández; Nuria Zanzzottera,Infografía,Link,,https://ciam.ambiente.gob.ar/images/uploaded/recursos/469/Infografia%20Transporte.pdf,,Incluir sólo en la estructuctura correspondiente,Ciudadanía,Estrategia Nacional de Géneros y Diversidades,"Adaptación, Mitigación, Pérdidas y daños",¿Que esta haciendo el estado nacional - Marco Nacional - Sectores en la accion climática- Género
La perspectiva de género y diversidad en la política climática argentina Sector Turismo.,2023,,Agustina Bendersky; Antonela Busconi; Fabiana Menna; María del Valle Peralta; María Luz; Falivene Fernández; Nuria Zanzzottera,Documento,Link,,https://ciam.ambiente.gob.ar/images/uploaded/recursos/429/manual_genero_sector_turismo.pdf,,Incluir sólo en la estructuctura correspondiente,Ciudadanía,Estrategia Nacional de Géneros y Diversidades,"Adaptación, Mitigación, Pérdidas y daños",¿Que esta haciendo el estado nacional - Marco Nacional - Sectores en la accion climática- Género
Infografía La perspectiva de género y diversidad en la política climática argentina Sector Turismo.,2023,,Agustina Bendersky; Antonela Busconi; Fabiana Menna; María del Valle Peralta; María Luz; Falivene Fernández; Nuria Zanzzottera,Infografía,Link,,https://ciam.ambiente.gob.ar/images/uploaded/recursos/471/Infografia%20Turismo.pdf,,Incluir sólo en la estructuctura correspondiente,Ciudadanía,Estrategia Nacional de Géneros y Diversidades,"Adaptación, Mitigación, Pérdidas y daños",¿Que esta haciendo el estado nacional - Marco Nacional - Sectores en la accion climática- Género
Metodología para el desarrollo de procesos participativos con Pueblos Indígenas,2022,"El documento detalla la metodología para el desarrollo del proceso participativo con Pueblos Indígenas, siendo el documento soporte para facilitar los Diálogos Interculturales realizados durante el año 2022",,Documento,Link,,https://ciam.ambiente.gob.ar/images/uploaded/recursos/417/Metodolog%C3%ADa%20para%20el%20desarrollo%20de%20procesos%20participativos%20con%20Pueblos%20Ind%C3%ADgenas.pdf,,"Gestores públicos nacionales, Gestores públicos provinciales, Gestores públicos locales, Pueblos indigenas",Ciudadanía,Participación Indígena,Adaptación,¿Que esta haciendo el estado nacional - Marco Nacional -Sectores en la accion climática - Interculturalidad
Informe final Proceso participativo con Pueblos Indígenas,2022,El documento presenta los principales resultados de los DIálogos Interculturales llevados adelante en 2022 en el marco de la elaboración del PNAyMCC,,Documento,Link,,https://ciam.ambiente.gob.ar/images/uploaded/recursos/408/Informe%20final%20Dialogos%20Interculturales%202022.pdf,,"Gestores públicos nacionales, Gestores públicos provinciales, Gestores públicos locales, Pueblos indigenas",Ciudadanía,Participación Indígena,Adaptación,¿Que esta haciendo el estado nacional - Marco Nacional -Sectores en la accion climática - Interculturalidad
Informe final Proceso participativo con Pueblos Indígenas Región NOA,2022,El documento presenta los principales resultados de los DIálogos Interculturales llevados adelante en 2022 en la región NOA en el marco de la elaboración del PNAyMCC,,Documento,Link,,https://ciam.ambiente.gob.ar/images/uploaded/recursos/410/_Informe%20de%20resultados%20de%20Di%C3%A1logo%20Intercultural%20-%20Regi%C3%B3n%20NOA%20(Julio%202022).pdf,,"Gestores públicos nacionales, Gestores públicos provinciales, Gestores públicos locales, Pueblos indigenas",Ciudadanía,Participación Indígena,Adaptación,¿Que esta haciendo el estado nacional - Marco Nacional -Sectores en la accion climática - Interculturalidad
Informe final Proceso participativo con Pueblos Indígenas Región NEA,2022,El documento presenta los principales resultados de los DIálogos Interculturales llevados adelante en 2022 en la región NEAen el marco de la elaboración del PNAyMCC,,Documento,Link,,https://ciam.ambiente.gob.ar/images/uploaded/recursos/412/_Informe%20de%20resultados%20de%20Di%C3%A1logo%20Intercultural%20-%20Regi%C3%B3n%20NEA%20(Noviembre%202022)%20.pdf,,"Gestores públicos nacionales, Gestores públicos provinciales, Gestores públicos locales, Pueblos indigenas",Ciudadanía,Participación Indígena,Adaptación,¿Que esta haciendo el estado nacional - Marco Nacional -Sectores en la accion climática - Interculturalidad
Informe final Proceso participativo con Pueblos Indígenas Región Centro,2022,El documento presenta los principales resultados de los DIálogos Interculturales llevados adelante en 2022 en la región Centro en el marco de la elaboración del PNAyMCC,,Documento,Link,,https://ciam.ambiente.gob.ar/images/uploaded/recursos/414/_Informe%20de%20resultados%20de%20Di%C3%A1logo%20Intercultural%20-%20Regi%C3%B3n%20Centro%20(Septiembre%202022).pdf,,"Gestores públicos nacionales, Gestores públicos provinciales, Gestores públicos locales, Pueblos indigenas",Ciudadanía,Participación Indígena,Adaptación,¿Que esta haciendo el estado nacional - Marco Nacional -Sectores en la accion climática - Interculturalidad
Informe final Proceso participativo con Pueblos Indígenas Región Sur,2022,El documento presenta los principales resultados de los DIálogos Interculturales llevados adelante en 2022 en la región Sur en el marco de la elaboración del PNAyMCC,,Documento,Link,,https://ciam.ambiente.gob.ar/images/uploaded/recursos/415/_Informe%20de%20resultados%20de%20Di%C3%A1logo%20Intercultural%20-%20Regi%C3%B3n%20Sur%20(Octubre%202022).pdf,,"Gestores públicos nacionales, Gestores públicos provinciales, Gestores públicos locales, Pueblos indigenas",Ciudadanía,Participación Indígena,Adaptación,¿Que esta haciendo el estado nacional - Marco Nacional -Sectores en la accion climática - Interculturalidad
Informe de resultados 2021- Espacios de encuentro y capacitación,2021,Informe de resultados de los espacios de encuentro y capacitación  con sociedad civil durante el 2021 para la elaboración del Plan Nacional de Adaptación,,Documento,Link,,https://ciam.ambiente.gob.ar/images/uploaded/recursos/407/Informe%20de%20resultados%202021-%20Espacios%20de%20encuentro%20y%20capacitaci%C3%B3n.pdf,,Incluir sólo en la estructuctura correspondiente,"Capacitaciones, Ciudadanía",,Adaptación,
Informe de resultados - 2022 Mesa regional,2022,Informe de resultados de los espacios de encuentro y capacitación con sociedad civil durante el 2022 para la elaboración del Plan Nacional de Adaptación,,Documento,Link,,https://ciam.ambiente.gob.ar/images/uploaded/recursos/404/Informe%20de%20resultados%20-%202022%20Mesa%20regional.pdf,,Incluir sólo en la estructuctura correspondiente,"Ciudadanía, Solo en biblioteca general",,Adaptación,
Informe final Talleres de co-diseño con Pueblos Indígenas,2023,"Principales resultados del taller de co-diseño con Pueblos Indigenas que tuvo como objetivo elaborar  los mensajes clave y contenidos de los materiales comunicacionales sobre cambio climático con una mirada desde y hacia la
interculturalidad contemplando el buen vivir, territorio y la cosmovisión de los pueblos y comunidades indígenas.",,Documento,Link,,https://ciam.ambiente.gob.ar/images/uploaded/recursos/402/Informe%20final%20Talleres%20de%20co-dise%C3%B1o%20con%20Pueblos%20Ind%C3%ADgenas.pdf,,Pueblos indigenas,Ciudadanía,Participación Indígena,Adaptación,¿Que esta haciendo el estado nacional - Marco Nacional -Sectores en la accion climática - Interculturalidad
Cultura y cambio climático Aproximación conceptual y abordaje en el contexto argentino,2023,"Publicación que aborda una aproximación conceptual de la Dimensión cultural en vinculación con el cambio climático, tomando como ejes los patrimonios culturales tangibles e intangibles y la industria cultural.",,Documento,Link,,https://ciam.ambiente.gob.ar/images/uploaded/recursos/427/manual_cultura.pdf,,"Gestores públicos locales, Gestores públicos provinciales, Gestores públicos nacionales, ONGs",Comunidad Educativa,Pérdidas y daños,Pérdidas y daños,Gestión climática - sobre pérdidas y daños
IVSD: indicadores relativos a escala departamental,2023,,,Documento,Link,,https://ciam.ambiente.gob.ar/images/uploaded/recursos/422/IVSD_indicadores%20por%20departamento.pdf,,"Gestores públicos locales, Gestores públicos provinciales, Gestores públicos nacionales",Solo en biblioteca general,Adaptación,Adaptación,Gestión climática -sobre adaptación
Cartografía temática IVSD escala departamental,2023,,,Documento,Link,,https://ciam.ambiente.gob.ar/images/uploaded/recursos/424/ivsd_departamentos.pdf,,"Gestores públicos locales, Gestores públicos provinciales, Gestores públicos nacionales",Solo en biblioteca general,Adaptación,Adaptación,Gestión climática -sobre adaptación
Cartografía temática IVSD escala provincial,2023,,,Documento,Link,,https://ciam.ambiente.gob.ar/images/uploaded/recursos/425/ivsd_provincias.pdf,,"Gestores públicos locales, Gestores públicos provinciales, Gestores públicos nacionales",Solo en biblioteca general,Adaptación,Adaptación,Gestión climática -sobre adaptación
"IVSD: indicadores relativos a escala provincial 
",2023,,,Documento,Link,,https://ciam.ambiente.gob.ar/images/uploaded/recursos/426/IVSD%20indicadores%20por%20provincia.pdf,,"Gestores públicos locales, Gestores públicos provinciales, Gestores públicos nacionales",Solo en biblioteca general,Adaptación,Adaptación,Gestión climática -sobre adaptación
Estrategia Nacional de Acción para el Empoderamiento Climático (ENACE),2023,,Ministerio de Ambiente y Desarrollo Sostenible,Documento,Link,,https://ciam.ambiente.gob.ar/images/uploaded/recursos/439/2023%20ENACE%20Argentina_final.pdf,,Público general,"Ciudadanía, Comunidad Educativa",-,"Adaptación, Mitigación, Pérdidas y daños",¿Que esta haciendo el estado nacional - Marco Nacional - Sectores en la accion climática-ENACE
Informe sobre Consulta Pública de la Estrategia Nacional de Acción para el Empoderamiento Climático de la Argentina (ENACE),2023,,Ministerio de Ambiente y Desarrollo Sostenible,Documento,Link,,https://ciam.ambiente.gob.ar/images/uploaded/recursos/440/2023%20ENACE_Informe%20consulta%20p%C3%BAblica.pdf,,Público general,"Ciudadanía, Comunidad Educativa",Estrategia Nacional de Acción para el Empoderamiento Climético,"Adaptación, Mitigación, Pérdidas y daños",¿Que esta haciendo el estado nacional - Marco Nacional - Sectores en la accion climática-ENACE
Informe de Resultados: Proceso de Participación para la construcción de la Estrategia Nacional de Acción para el Empoderamiento Climático de la Argentina (ENACE),2023,,Ministerio de Ambiente y Desarrollo Sostenible,Documento,Link,,https://ciam.ambiente.gob.ar/images/uploaded/recursos/441/2023%20Informe%20de%20Resultados_Proceso%20participativo%20ENACE.pdf,,Público general,"Ciudadanía, Comunidad Educativa",Estrategia Nacional de Acción para el Empoderamiento Climético,"Adaptación, Mitigación, Pérdidas y daños",¿Que esta haciendo el estado nacional - Marco Nacional - Sectores en la accion climática-ENACE
Cadenas de riesgos de la Región Patagonia,2022,,Ministerio de Ambiente y Desarrollo Sostenible,Documento,Link,,https://ciam.ambiente.gob.ar/images/uploaded/recursos/442/Patagonia%20Cadenas%20de%20Riesgos.pdf,,"Gestores públicos locales, Gestores públicos nacionales, Gestores públicos provinciales, Sector privado, ONGs",Solo en biblioteca general,Adaptación,Adaptación,Gestión climática -sobre adaptación
Cadenas de riesgos de la Región Noreste Argentino (NEA),2022,,Ministerio de Ambiente y Desarrollo Sostenible,Documento,Link,,https://ciam.ambiente.gob.ar/images/uploaded/recursos/443/NEA%20Cadenas%20de%20Riesgos.pdf,,"Gestores públicos locales, Gestores públicos nacionales, Gestores públicos provinciales, Sector privado, ONGs",Solo en biblioteca general,Adaptación,Adaptación,Gestión climática -sobre adaptación
Cadenas de riesgos de la Región Noroeste Argentino (NOA),,,Ministerio de Ambiente y Desarrollo Sostenible,Documento,Link,,https://ciam.ambiente.gob.ar/images/uploaded/recursos/445/NOA%20Cadenas%20de%20Riesgos.pdf,,"Gestores públicos locales, Gestores públicos nacionales, Gestores públicos provinciales, Sector privado, ONGs",Solo en biblioteca general,Adaptación,Adaptación,Gestión climática -sobre adaptación
Cadena de riesgos Centro,2022,,Ministerio de Ambiente y Desarrollo Sostenible,Documento,Link,,https://ciam.ambiente.gob.ar/images/uploaded/recursos/444/Centro%20Cadenas%20de%20Riesgos.pdf,,"Gestores públicos locales, Gestores públicos nacionales, Gestores públicos provinciales, Sector privado, ONGs",Solo en biblioteca general,Adaptación,Adaptación,Gestión climática -sobre adaptación
Cadena de riesgos Cuyo,2022,,Ministerio de Ambiente y Desarrollo Sostenible,Documento,Link,,https://ciam.ambiente.gob.ar/images/uploaded/recursos/447/Cuyo%20cadenas%20de%20riesgos.pdf,,"Gestores públicos locales, Gestores públicos nacionales, Gestores públicos provinciales, Sector privado, ONGs",Solo en biblioteca general,Adaptación,Adaptación,Gestión climática -sobre adaptación
Manual Diálogos Interculturales,2022,,Ministerio de Ambiente y Desarrollo Sostenible,Documento,Link,,https://ciam.ambiente.gob.ar/images/uploaded/recursos/449/Manual%20Di%C3%A1logos%20Interculturales.pdf,,"Pueblos indigenas, Gestores públicos locales, Gestores públicos provinciales, Gestores públicos nacionales",Comunidad Educativa,Diálogos Interculturales,Adaptación,¿Que esta haciendo el estado nacional - Marco Nacional -Sectores en la accion climática - Interculturalidad
"Informe Talleres Regionales de Adaptación n.° 1
",2021,,Ministerio de Ambiente y Desarrollo Sostenible,,Link,,,,Incluir sólo en la estructuctura correspondiente,Solo en biblioteca general,-,Adaptación,
Capacitación que es el cambio climático,2021,,Ministerio de Ambiente y Desarrollo Sostenible,Documento,Link,,https://ciam.ambiente.gob.ar/images/uploaded/recursos/451/Proceso%20Sociedad%20Civil%20-%20Sensibilizaci%C3%B3n.pptx.pdf,,Público general,Capacitaciones,-,"Adaptación, Mitigación, Pérdidas y daños",
Recomendaciones para el análisis y mapeo de actores clave,2021,,Ministerio de Ambiente y Desarrollo Sostenible,Documento,Link,,https://ciam.ambiente.gob.ar/images/uploaded/recursos/467/Recomendaciones%20para%20el%20an%C3%A1lisis%20y%20mapeo%20de%20actores%20claves.pdf,,Incluir sólo en la estructuctura correspondiente,Solo en biblioteca general,-,"Adaptación, Mitigación, Pérdidas y daños",
Informe Taller Regional de Adaptación N°3,2021,,Ministerio de Ambiente y Desarrollo Sostenible,Documento,Link,,https://ciam.ambiente.gob.ar/images/uploaded/recursos/468/2021%2010%20Informe%20Taller%20Regional%20de%20Adaptaci%C3%B3n%20N%C2%B03.pdf,,Incluir sólo en la estructuctura correspondiente,Solo en biblioteca general,-,Adaptación,
Informe Taller Regional de Adaptación N°4,2021,,Ministerio de Ambiente y Desarrollo Sostenible,Documento,Link,,https://ciam.ambiente.gob.ar/images/uploaded/recursos/470/202112%20Informe%20Cuarto%20Taller%20Regional%20de%20Adaptaci%C3%B3n.pdf,,Incluir sólo en la estructuctura correspondiente,Solo en biblioteca general,-,Adaptación,
"Informe final: Espacios de encuentro y capacitación 2021  - Regón centro
",2021,,Ministerio de Ambiente y Desarrollo Sostenible,Documento,Link,,https://ciam.ambiente.gob.ar/images/uploaded/recursos/473/20210902%20Informe%20Mesa%20Regional%20de%20Adaptaci%C3%B3n%20-%20Centro%20(sociedad%20civil).pdf,,Incluir sólo en la estructuctura correspondiente,Solo en biblioteca general,-,Adaptación,
"Informe final: Espacios de encuentro y capacitación 2021  - Región cuyo
",2021,,Ministerio de Ambiente y Desarrollo Sostenible,Documento,Link,,https://ciam.ambiente.gob.ar/images/uploaded/recursos/474/20210801%20Informe%20Taller%20Regional%20de%20Adaptaci%C3%B3n%20Cuyo%20Sociedad%20civil.pdf,,Incluir sólo en la estructuctura correspondiente,Solo en biblioteca general,-,Adaptación,
"Informe final: Espacios de encuentro y capacitación 2021 -Región NOA
",2021,,Ministerio de Ambiente y Desarrollo Sostenible,Documento,Link,,https://ciam.ambiente.gob.ar/images/uploaded/recursos/475/20210830%20Informe%20Taller%20Regional%20de%20Adaptaci%C3%B3n%20NOA%20%20Sociedad%20civil.pdf,,Incluir sólo en la estructuctura correspondiente,Solo en biblioteca general,-,Adaptación,
"Informe final: Espacios de encuentro y capacitación 2021  - Región NEA
",2021,,Ministerio de Ambiente y Desarrollo Sostenible,Documento,Link,,https://ciam.ambiente.gob.ar/images/uploaded/recursos/476/20210831%20Informe%20Taller%20Regional%20de%20Adaptaci%C3%B3n%20NEA%20%20Sociedad%20civil.pdf,,Incluir sólo en la estructuctura correspondiente,Solo en biblioteca general,-,Adaptación,
"Informe final: Espacios de encuentro y capacitación 2021  - Región patagonia
",2021,,Ministerio de Ambiente y Desarrollo Sostenible,Documento,Link,,https://ciam.ambiente.gob.ar/images/uploaded/recursos/477/20210903%20Informe%20Taller%20Regional%20de%20Adaptaci%C3%B3n%20Patagonia%20Sociedad%20civil.pdf,,Incluir sólo en la estructuctura correspondiente,Solo en biblioteca general,-,Adaptación,
"Talleres regionales de adaptación n.° 2 - Región Centro
",2021,,Ministerio de Ambiente y Desarrollo Sostenible,Documento,Link,,https://ciam.ambiente.gob.ar/images/uploaded/recursos/478/2021%2008%2012%20Informe%20Taller%20Regional%20de%20Adaptaci%C3%B3n%20N%C2%B02%20-%20Regi%C3%B3n%20Centro.pdf,,Incluir sólo en la estructuctura correspondiente,Solo en biblioteca general,-,Adaptación,
"Talleres regionales de adaptación n.° 2 - Región Cuyo
",2021,,Ministerio de Ambiente y Desarrollo Sostenible,Documento,Link,,https://ciam.ambiente.gob.ar/images/uploaded/recursos/479/2021%2008%2013%20Informe%20Taller%20Regional%20de%20Adaptaci%C3%B3n%20N%C2%B02%20-%20Regi%C3%B3n%20Cuyo.pdf,,Incluir sólo en la estructuctura correspondiente,Solo en biblioteca general,-,Adaptación,
"Talleres regionales de adaptación n.° 2 - Región NEA
",2021,,Ministerio de Ambiente y Desarrollo Sostenible,Documento,Link,,https://ciam.ambiente.gob.ar/images/uploaded/recursos/480/2021%2008%2010%20Informe%20Taller%20Regional%20de%20Adaptaci%C3%B3n%20N%C2%B02%20-%20Regi%C3%B3n%20NEA.pdf,,Incluir sólo en la estructuctura correspondiente,Solo en biblioteca general,-,Adaptación,
"Talleres regionales de adaptación n.° 2 - Región NOA
",2021,,Ministerio de Ambiente y Desarrollo Sostenible,Documento,Link,,https://ciam.ambiente.gob.ar/images/uploaded/recursos/481/2021%2008%2011%20Informe%20Taller%20Regional%20de%20Adaptaci%C3%B3n%20N%C2%B02%20-%20Regi%C3%B3n%20NOA.pdf,,Incluir sólo en la estructuctura correspondiente,Solo en biblioteca general,-,Adaptación,
"Talleres regionales de adaptación n.° 2 - Región Patagonia 
",2021,,Ministerio de Ambiente y Desarrollo Sostenible,Documento,Link,,https://ciam.ambiente.gob.ar/images/uploaded/recursos/482/2021%2008%2006%20Informe%20Taller%20Regional%20de%20Adaptaci%C3%B3n%20N%C2%B02%20-%20Regi%C3%B3n%20Patagonia.pdf,,Incluir sólo en la estructuctura correspondiente,Solo en biblioteca general,-,Adaptación,
"Presentación Talleres Regionales de Adaptación n.° 5 - Región Centro
",2022,,Ministerio de Ambiente y Desarrollo Sostenible,Documento,Link,,https://ciam.ambiente.gob.ar/images/uploaded/recursos/483/Taller%20Regional%20de%20Adaptaci%C3%B3n%20N5%20-%20Centro.pdf,,Incluir sólo en la estructuctura correspondiente,Solo en biblioteca general,-,Adaptación,
"Presentación Talleres Regionales de Adaptación n.° 5 - Región Cuyo
",2022,,Ministerio de Ambiente y Desarrollo Sostenible,Documento,Link,,https://ciam.ambiente.gob.ar/images/uploaded/recursos/484/Taller%20Regional%20de%20Adaptaci%C3%B3n%20N5%20-%20Cuyo.pdf,,Incluir sólo en la estructuctura correspondiente,Solo en biblioteca general,-,Adaptación,
"Presentación Talleres Regionales de Adaptación n.° 5 - Región NEA
",2022,,Ministerio de Ambiente y Desarrollo Sostenible,Documento,Link,,https://ciam.ambiente.gob.ar/images/uploaded/recursos/485/Taller%20Regional%20de%20Adaptaci%C3%B3n%20N5%20-%20NEA.pdf,,Incluir sólo en la estructuctura correspondiente,Solo en biblioteca general,-,Adaptación,
"Presentación Talleres Regionales de Adaptación n.° 5 - Región NOA
",2022,,Ministerio de Ambiente y Desarrollo Sostenible,Documento,Link,,https://ciam.ambiente.gob.ar/images/uploaded/recursos/486/Taller%20Regional%20de%20Adaptaci%C3%B3n%20N5%20-%20NOA.pdf,,Incluir sólo en la estructuctura correspondiente,Solo en biblioteca general,-,Adaptación,
"Presentación Talleres Regionales de Adaptación n.° 5 - Región Patagonia
",2022,,Ministerio de Ambiente y Desarrollo Sostenible,Documento,Link,,https://ciam.ambiente.gob.ar/images/uploaded/recursos/487/Taller%20Regional%20de%20Adaptaci%C3%B3n%20N5%20-%20Patagonia.pdf,,Incluir sólo en la estructuctura correspondiente,Solo en biblioteca general,-,Adaptación,
Herramienta para priorización de riesgos,2022,,Ministerio de Ambiente y Desarrollo Sostenible,Excel,Link,,https://ciam.ambiente.gob.ar/buscador.php?s=Herramienta%20para%20priorizaci%C3%B3n%20de%20riesgos,,Incluir sólo en la estructuctura correspondiente,Solo en biblioteca general,Adaptación,Adaptación,Gestión climática -sobre adaptación
"Informe Taller Nacional de Adaptación n.° 1
",2022,,Ministerio de Ambiente y Desarrollo Sostenible,Documento,Link,,https://ciam.ambiente.gob.ar/images/uploaded/recursos/489/Informe%20Sexto%20Taller%20Regional%20de%20Adaptaci%C3%B3n.pdf,,Incluir sólo en la estructuctura correspondiente,Solo en biblioteca general,Adaptación,Adaptación,
Acta Reunión de Ministros y Ministras N° 2/2022 – Gabinete Nacional de Cambio Climático,2022,Acta de la Reunión de Ministros y Ministras N° 2/2022 – Gabinete Nacional de Cambio Climático mediante la cual se aprueba el Segundo Plan Nacional de Adaptación y Mitigación al Cambio Climático y la Estrategia de desarrollo resiliente con bajas emisiones a largo plazo a 2050,Ministerio de Ambiente y Desarrollo Sostenible,Documento,Link,,https://ciam.ambiente.gob.ar/images/uploaded/recursos/503/Acta_n2_2022_Reuni%C3%B3n_de_Ministros_Aprueba_PNAyMCC_2022_y_LTS.pdf,,Incluir sólo en la estructuctura correspondiente,Solo en biblioteca general,GNCC,"Adaptación, Mitigación, Pérdidas y daños",¿Que esta haciendo el estado nacional - Marco Nacional - Ley 27520 - GNCC
Acta Reunión de Ministros y Ministras N° 1/2022 – Gabinete Nacional de Cambio Climático,2022,"Acta Reunión de Ministros y Ministras N° 1/2022 – Gabinete Nacional de Cambio Climático, mediante la cual, se aprueba Plan Anual del Gabinete Nacional de Cambio Climático 2022, el Reglamento Interno del GNCC y se insta a la Coordinación Técnica Administrativa del GNCC a iniciar el proceso oficial de convocatoria, conformación y puesta en función del Consejo Asesor Externo ",Ministerio de Ambiente y Desarrollo Sostenible,Documento,Link,,https://ciam.ambiente.gob.ar/images/uploaded/recursos/492/IF-2022-47684061-APN-JGM.pdf,,Incluir sólo en la estructuctura correspondiente,Solo en biblioteca general,GNCC,"Adaptación, Mitigación, Pérdidas y daños",¿Que esta haciendo el estado nacional - Marco Nacional - Ley 27520 - GNCC
Acta Reunión de Ministros y Ministras N° 1/2024 – Gabinete Nacional de Cambio Climático,2024,,Subsecretaría de Ambiente,Documento,Link,,https://ciam.ambiente.gob.ar/images/uploaded/recursos/568/IF-2024-111741006-APN-SSAM-JGM.pdf,,Incluir sólo en la estructuctura correspondiente,Solo en biblioteca general,GNCC,"Adaptación, Mitigación, Pérdidas y daños",¿Que esta haciendo el estado nacional - Marco Nacional - Ley 27520 - GNCC
Acta Mesa de Articulación Provincial N° 1/2023 – Gabinete Nacional de Cambio Climático,2023,"Acta Mesa de Articulación Provincial N° 1/2023 – Gabinete Nacional de Cambio Climático   mediante la cual, se comunica el Plan Anual del Gabinete Nacional de Cambio Climático 2022, se aborda el proceso de Convalidación de los Planes de Respuesta jurisdiccionales y las Capacitaciones Regionales",Ministerio de Ambiente y Desarrollo Sostenible,Documento,Link,,https://ciam.ambiente.gob.ar/images/uploaded/recursos/493/2023%201ra%20Mesa%20de%20Articulaci%C3%B3n%20Provincial%20-%20Acta%20N1.pdf,,Incluir sólo en la estructuctura correspondiente,Solo en biblioteca general,GNCC,"Adaptación, Mitigación, Pérdidas y daños",¿Que esta haciendo el estado nacional - Marco Nacional - Ley 27520 - GNCC
Acta Mesa de Articulación Provincial N° 2/2023 y Grupo de Trabajo sobre criterios de convalidación de los Planes de Respuesta – Gabinete Nacional de Cambio Climático,2023,Acta Mesa de Articulación Provincial N° 2/2023 y Grupo de Trabajo sobre criterios de convalidación de los Planes de Respuesta – Gabinete Nacional de Cambio Climático   mediante la cual se acordaron criterios mínimos para el análisis de los Planes de Respuesta en el marco del proceso de Convalidación de los mismos (Ley N° 27.520),Ministerio de Ambiente y Desarrollo Sostenible,Documento,Link,,https://ciam.ambiente.gob.ar/images/uploaded/recursos/494/2023%202da%20Mesa%20de%20Articulaci%C3%B3n%20Provincial%20-%20Acta%20N2.pdf,,Incluir sólo en la estructuctura correspondiente,Solo en biblioteca general,GNCC,"Adaptación, Mitigación, Pérdidas y daños",¿Que esta haciendo el estado nacional - Marco Nacional - Ley 27520 - GNCC
Acta Mesa de Articulación Provincial N° 1/2024 – Gabinete Nacional de Cambio Climático,2024,,Subsecretaría de Ambiente,Documento,Link,,https://ciam.ambiente.gob.ar/images/uploaded/recursos/572/Acta%20N%201%202024%20Mesa%20de%20Articulaci%C3%B3n%20Provincial%20GNCC.pdf,,Incluir sólo en la estructuctura correspondiente,Solo en biblioteca general,GNCC,"Adaptación, Mitigación, Pérdidas y daños",¿Que esta haciendo el estado nacional - Marco Nacional - Ley 27520 - GNCC
Acta Consejo Asesor Externo N° 1 - 1ra Reunión Ordinaria 2022 - Gabinete Nacional de Cambio Climático,2022,,Ministerio de Ambiente y Desarrollo Sostenible,Documento,Link,,https://ciam.ambiente.gob.ar/images/uploaded/recursos/558/Acta%20N%201%20-%20CAE%202022%201ra%20Reuni%C3%B3n%20Ordinaria.pdf,,Incluir sólo en la estructuctura correspondiente,Solo en biblioteca general,GNCC,"Adaptación, Mitigación, Pérdidas y daños",¿Que esta haciendo el estado nacional - Marco Nacional - Ley 27520 - GNCC
Acta Consejo Asesor Externo N° 2 - 1ra Reunión Extraordinaria 2022 - Gabinete Nacional de Cambio Climático,2022,,Ministerio de Ambiente y Desarrollo Sostenible,Documento,Link,,https://ciam.ambiente.gob.ar/images/uploaded/recursos/559/Acta%20N%202%20-%20CAE%202022%201ra%20Reuni%C3%B3n%20Extraordinaria.pdf,,Incluir sólo en la estructuctura correspondiente,Solo en biblioteca general,GNCC,"Adaptación, Mitigación, Pérdidas y daños",¿Que esta haciendo el estado nacional - Marco Nacional - Ley 27520 - GNCC
Acta Consejo Asesor Externo N° 3 - 2da Reunión Ordinaria 2022 - Gabinete Nacional de Cambio Climático,2022,,Ministerio de Ambiente y Desarrollo Sostenible,Documento,Link,,https://ciam.ambiente.gob.ar/images/uploaded/recursos/560/Acta%20N%203%20-%20CAE%202022%202da%20Reuni%C3%B3n%20Ordinaria.pdf,,Incluir sólo en la estructuctura correspondiente,Solo en biblioteca general,GNCC,"Adaptación, Mitigación, Pérdidas y daños",¿Que esta haciendo el estado nacional - Marco Nacional - Ley 27520 - GNCC
Acta Consejo Asesor Externo N° 4 - 3ra Reunión Ordinaria 2022 - Gabinete Nacional de Cambio Climático,2022,,Ministerio de Ambiente y Desarrollo Sostenible,Documento,Link,,https://ciam.ambiente.gob.ar/images/uploaded/recursos/561/Acta%20N%204%20-%20CAE%202022%203da%20Reuni%C3%B3n%20Ordinaria.pdf,,Incluir sólo en la estructuctura correspondiente,Solo en biblioteca general,GNCC,"Adaptación, Mitigación, Pérdidas y daños",¿Que esta haciendo el estado nacional - Marco Nacional - Ley 27520 - GNCC
Acta Consejo Asesor Externo N° 5 - 2da Reunión Extraordinaria 2022 - Gabinete Nacional de Cambio Climático,2022,,Ministerio de Ambiente y Desarrollo Sostenible,Documento,Link,,https://ciam.ambiente.gob.ar/images/uploaded/recursos/562/Acta%20N%205%20-%20CAE%202022%202da%20Reuni%C3%B3n%20Extraordinaria.pdf,,Incluir sólo en la estructuctura correspondiente,Solo en biblioteca general,GNCC,"Adaptación, Mitigación, Pérdidas y daños",¿Que esta haciendo el estado nacional - Marco Nacional - Ley 27520 - GNCC
Acta Consejo Asesor Externo N° 6 - 1ra Reunión Ordinaria 2023 - Gabinete Nacional de Cambio Climático,2023,,Ministerio de Ambiente y Desarrollo Sostenible,Documento,Link,,https://ciam.ambiente.gob.ar/images/uploaded/recursos/563/Acta%20N%206%20-%20CAE%202023%201ra%20Reuni%C3%B3n%20Ordinaria.pdf,,Incluir sólo en la estructuctura correspondiente,Solo en biblioteca general,GNCC,"Adaptación, Mitigación, Pérdidas y daños",¿Que esta haciendo el estado nacional - Marco Nacional - Ley 27520 - GNCC
Acta Consejo Asesor Externo N° 7 - 2da Reunión Ordinaria 2023 - Gabinete Nacional de Cambio Climático,2023,,Ministerio de Ambiente y Desarrollo Sostenible,Documento,Link,,https://ciam.ambiente.gob.ar/images/uploaded/recursos/564/Acta%20N%207%20-%20CAE%202023%202da%20Reuni%C3%B3n%20Ordinaria.pdf,,Incluir sólo en la estructuctura correspondiente,Solo en biblioteca general,GNCC,"Adaptación, Mitigación, Pérdidas y daños",¿Que esta haciendo el estado nacional - Marco Nacional - Ley 27520 - GNCC
Acta Consejo Asesor Externo N° 8 - 3ra Reunión Ordinaria 2023 - Gabinete Nacional de Cambio Climático,2023,,Ministerio de Ambiente y Desarrollo Sostenible,Documento,Link,,https://ciam.ambiente.gob.ar/images/uploaded/recursos/565/Acta%20N%208%20-%20CAE%202023%203ra%20Reuni%C3%B3n%20Ordinaria.pdf,,Incluir sólo en la estructuctura correspondiente,Solo en biblioteca general,GNCC,"Adaptación, Mitigación, Pérdidas y daños",¿Que esta haciendo el estado nacional - Marco Nacional - Ley 27520 - GNCC
Herramienta AMC para evaluación de medidas -  PNAyMCC,,,Ministerio de Ambiente y Desarrollo Sostenible,Excel,Link,,,,Incluir sólo en la estructuctura correspondiente,Solo en biblioteca general,Gestión climática -sobre adaptación,Adaptación,Gestión climática -sobre adaptación
Mapa de actores clave para la elaboración participativa con comunidades ,2022,,Ministerio de Ambiente y Desarrollo Sostenible,Documento,Link,,https://ciam.ambiente.gob.ar/images/uploaded/recursos/521/Mapeo%20de%20actores-%20Di%C3%A1logos%20Interculturales%20.pdf,,"Pueblos indigenas, Gestores públicos locales, Gestores públicos provinciales, Gestores públicos nacionales",Ciudadanía,Participación Indígena,Adaptación,¿Que esta haciendo el estado nacional - Marco Nacional -Sectores en la accion climática - Interculturalidad
Herramienta para análisis de riesgos climáticos en organizaciones privadas,2023,"La metodología presentada, y las hojas de cálculo de dicha herramienta para su implementación, tiene por objetivo brindar una guía a organizaciones privadas para la realización de un análisis de riesgos climáticos con enfoque de cadena de valor, que permita identificar los riesgos y vulnerabilidades prioritarias, que luego permitará diseñar e implementar medidas de adaptación para aumentar la resiliencia organizacional frente al cambio climático. 
El proceso de elaboración de una estrategia de adaptación organizacional comprende 6 pasos, dentro de los cuales los primeros 3 integran el proceso de elaboración del diagnóstico climático organizacional. Esta última versión de la herramienta para análisis de riesgos climáticos en organizaciones privadas detalla estos primeros 3 pasos. ","Ferrero, A.; Eyras, M.",Excel,Link,,https://ciam.ambiente.gob.ar/buscador.php?s=Herramienta%20para%20an%C3%A1lisis%20de%20riesgos%20clim%C3%A1ticos%20en%20organizaciones%20privadas,,Sector privado,Solo en biblioteca general,Articulación Público-Privada,Adaptación,¿Que esta haciendo el estado nacional - Marco Nacional -Sectores en la accion climática - articulación publico-privada
Caracterización de riesgos por región,2022,,,Documento,Link,,https://ciam.ambiente.gob.ar/images/uploaded/recursos/519/Riesgos%20por%20regi%C3%B3n.pdf,,"Sector privado, ONGs, Gestores públicos locales, Gestores públicos provinciales, Gestores públicos nacionales",Solo en biblioteca general,Adaptación,Adaptación,Gestión climática -sobre adaptación
Cadenas de amenazas por región,2022,,,Documento,Link,,https://ciam.ambiente.gob.ar/images/uploaded/recursos/523/cadenas%20de%20amenazas%20por%20region.pdf,,"Sector privado, ONGs, Gestores públicos locales, Gestores públicos provinciales, Gestores públicos nacionales",Solo en biblioteca general,Adaptación,Adaptación,Gestión climática -sobre adaptación
Mecanismo de Pérdidas y Daños - Informe 2023 y hoja de ruta.pdf,2023,,,Documento,Link,,https://ciam.ambiente.gob.ar/images/uploaded/recursos/526/Mecanismo%20de%20P%C3%A9rdidas%20y%20Da%C3%B1os%20-%20Informe%202023%20y%20hoja%C2%A0de%C2%A0ruta.pdf,,"Gestores públicos provinciales, Gestores públicos nacionales",Solo en biblioteca general,Pérdidas y daños (BOTON Mecanismo de Pérdidas y Daños - Hoja de ruta),Pérdidas y daños,Gestión climática - sobre pérdidas y daños
Lineamientos Generales: Metodología de Etiquetado Climático,2023,,,Documento,Link,,https://ciam.ambiente.gob.ar/images/uploaded/recursos/416/Lineamientos%20Generales%20de%20una%20Metodolog%C3%ADa%20de%20Etiquetado%20Clim%C3%A1tico.pdf,,Gestores públicos nacionales,Solo en biblioteca general,Adaptación,Adaptación,Gestión climática -sobre adaptación
Anexo metodológico del Plan Nacional de Adaptación y Mitigación al Cambio Climático al 2030. (componente de adaptación) ,2022,,,Documento,Link,,https://ciam.ambiente.gob.ar/images/uploaded/recursos/527/Anexo%20metodol%C3%B3gico%20PNAyMCC%20(componente%20de%20adaptaci%C3%B3n)%20(2).pdf,,"Gestores públicos nacionales, Gestores públicos provinciales, Gestores públicos locales, ONGs",Solo en biblioteca general,"Adaptación - (BOTON ""Anexo Metodológico"")",Adaptación,Gestión climática -sobre adaptación
Plan Nacional de Adaptación ,2022,,,Documento,Link,,https://ciam.ambiente.gob.ar/images/uploaded/recursos/531/PNA%20Argentina%20(2022).pdf,,Público general,"Ciudadanía, Comunidad Educativa","Adaptación - (BOTON ""Plan Nacional de Adaptación"")                                                                        Marco Internacional - Tabla",Adaptación,Gestión climática -sobre adaptación
Estrategia Nacional para el Uso de los Mercados de Carbono.,2023,,,Documento,,Link,https://www.argentina.gob.ar/sites/default/files/2023/06/2023_estrategia_nacional_para_el_uso_de_los_mercados_de_carbono_en_argentina.pdf,,"Sector privado, Gestores públicos provinciales, Gestores públicos nacionales",Solo en biblioteca general,"Estrategia Nacional de Mercados de Carbono (BOTON - ""Descarga la estrategia"")","Adaptación, Mitigación, Pérdidas y daños",¿Que esta haciendo el estado nacional - Marco Nacional - Sectores en la accion climática-ENuMEC
Mercados de carbono  - Preguntas fecuentes,2023,,,Documento,,Link,https://www.argentina.gob.ar/sites/default/files/2023/06/preguntas_frecuentes_mercados_de_carbono_v2_04_2023_.pdf,,"Sector privado, Gestores públicos provinciales, Gestores públicos nacionales",Solo en biblioteca general,"Estrategia Nacional de Mercados de Carbono (BOTON - ""Preguntas frecuentes"")","Adaptación, Mitigación, Pérdidas y daños",¿Que esta haciendo el estado nacional - Marco Nacional - Sectores en la accion climática-ENuMEC
¿Qué es la adaptación al cambio climático?,2020,,,Vídeo,,Link,https://www.youtube.com/watch?v=sj05HE724ew,,Público general,Capacitaciones,,Adaptación,
Adaptación al cambio climático en ciudades y ecosistemas costeros vulnerables del río Uruguay,2021,,,Vídeo,,Link,https://www.youtube.com/watch?v=MTdkcjF5kzY,,Incluir sólo en la estructuctura correspondiente,Capacitaciones,,Adaptación,
Conversatorio en el marco del diploma de posgrado Bases y Herramientas para la Gestión Integral del Cambio Climático,2021,,,Vídeo,,Link ,https://www.youtube.com/watch?v=WrzQzUyJ-As,,Incluir sólo en la estructuctura correspondiente,Capacitaciones,,"Adaptación, Mitigación, Pérdidas y daños",
"Encuentro informativo del Gabinete Nacional de Cambio Climático con organizaciones de la sociedad civil. 
Presentación del mecanismo de participación ciudadana.",2020,,,Vídeo,,Link,https://www.youtube.com/watch?v=6AFO3_yS9Kk&t=215s,,Incluir sólo en la estructuctura correspondiente,,,,
Cambio climático,2019,,,Vídeo,,Link,https://www.youtube.com/watch?v=IHH_gFUCKjk,,Incluir sólo en la estructuctura correspondiente,,,,
El Cambio Climático y la Contribución Nacional Argentina,2019,,,Vídeo,,Link,https://www.youtube.com/watch?v=jOL5bWisZ14&t=103s,,Incluir sólo en la estructuctura correspondiente,,,,
Informe Mesa Ampliada 2024 del Gabinete Nacional de la Ley N° 27.520 (GNCC),2024,,,Documento,Link,,https://ciam.ambiente.gob.ar/images/uploaded/recursos/574/Informe%20Mesa%20Ampliada%20GNCC%202024.pdf,,Incluir sólo en la estructuctura correspondiente,Solo en biblioteca general,GNCC,"Adaptación, Mitigación, Pérdidas y daños",¿Que esta haciendo el estado nacional - Marco Nacional - Ley 27520 - GNCC
1er Informe Bienal de Transparencia de la República Argentina a la Convención Marco de las Naciones Unidas sobre el Cambio Climático (IBT1),2024,"Informe presentado a la CMNUCC con información actualizada a 2022 del niveles de emisiones de GEI, avances en el seguimiento del progreso de las contribuciones determinadas a nivel nacional (NDC), políticas y medidas de mitigación y adaptación, y estado del apoyo financiero, del desarrollo y transferencia de tecnología y del apoyo a la creación de capacidades, necesidades  mejoras, de acuerdo con las modalidades, procedimientos y directrices (MPG) del Marco de Transparencia Reforzada (Anexo a la decisión 18/CMA.1)",Subsecretaria de Ambiente,Documento,Link,Link,https://unfccc.int/sites/default/files/resource/IBT1%20Argentina_2024.pdf,,"Público general, Docentes, Juventudes, ONGs, Gestores públicos locales, Gestores públicos provinciales, Gestores públicos nacionales",Solo en biblioteca general,Marco Internacional (Tabla),Mitigación,
Informe Nacional de Inventario del 1er Informe Bienal de Transparencia de la República Argentina a la Convención Marco de las Naciones Unidas sobre el Cambio Climático (IBT1).,2024,Informe que acompaña al 1er Informe Bienal de Transparencia de la República Argentina y documenta detalladamente las metodologías y datos utilizados para estimar las emisiones y absorciones de GEI,Subsecretaria de Ambiente,Documento,Link,Link,https://unfccc.int/sites/default/files/resource/INI%20del%20IBT1_2024.pdf,,,Solo en biblioteca general,Marco Internacional (Tabla),Mitigación,
5to Informe Bienal de Actualización de la República Argentina a la Convención Marco de las Naciones Unidas sobre el Cambio Climático (IBA5),2023,,,Documento,,Link,https://unfccc.int/sites/default/files/resource/5to%20Informe%20Bienal%20de%20Actualizaci%C3%B3n%20de%20la%20Rep%C3%BAblica%20Argentina.pdf,,"Público general, Docentes, Juventudes, ONGs, Gestores públicos locales, Gestores públicos provinciales, Gestores públicos nacionales",Solo en biblioteca general,Marco Internacional (Tabla),Mitigación,
4to Informe Bienal de Actualización de la República Argentina a la Convención Marco de las Naciones Unidas sobre el Cambio Climático (IBA4),2021,,,Documento,,Link,https://unfccc.int/sites/default/files/resource/4to%20Informe%20Bienal%20de%20la%20Rep%C3%BAblica%20Argentina.pdf,,"Público general, Docentes, Juventudes, ONGs, Gestores públicos locales, Gestores públicos provinciales, Gestores públicos nacionales",Solo en biblioteca general,Marco Internacional (Tabla),Mitigación,
Informe Nacional de Inventario del 1er Informe Bienal de Transparencia de la República Argentina a la Convención Marco de las Naciones Unidas sobre el Cambio Climático (IBT1).,,,,,,Link,https://unfccc.int/sites/default/files/resource/INI%20del%20IBT1_2024.pdf,,"Docentes, ONGs, Gestores públicos locales, Gestores públicos provinciales, Gestores públicos nacionales",Solo en biblioteca general,Marco Internacional (Tabla),Mitigación,
Informe Nacional de Inventario del 5to Informe Bienal de Actualización de la República Argentina a la Convención Marco de Naciones Unidas sobre el Cambio Climático (IBA5),,,,,,Link,https://unfccc.int/sites/default/files/resource/argentina-bur5.pdf,,"Docentes, ONGs, Gestores públicos locales, Gestores públicos provinciales, Gestores públicos nacionales",Solo en biblioteca general,Marco Internacional (Tabla),Mitigación,
Informe Nacional de Inventario del 4to Informe Bienal de Actualización de la República Argentina a la Convención Marco de Naciones Unidas sobre el Cambio Climático (IBA4),,,,,,Link,https://unfccc.int/sites/default/files/resource/Informe%20Nacional%20de%20Inventario%20del%20IBA%204_0.pdf,,"Docentes, ONGs, Gestores públicos locales, Gestores públicos provinciales, Gestores públicos nacionales",Solo en biblioteca general,Marco Internacional (Tabla),Mitigación,
Informe Nacional de Inventario del 3er Informe Bienal de Actualización de la República Argentina a la Convención Marco de Naciones Unidas sobre el Cambio Climático (IBA3),,,,,,Link,https://unfccc.int/sites/default/files/resource/92814035_Argentina-BUR3-1-INFORME%20NACIONAL%20DE%20INVENTARIO%20DE%20GEI%20DE%20LA%20REPUBLICA%20ARGENTINA.pdf,,"Público general, Docentes, Juventudes, ONGs, Gestores públicos locales, Gestores públicos provinciales, Gestores públicos nacionales",Solo en biblioteca general,Marco Internacional (Tabla),Mitigación,
3er Informe Bienal de Actualización de la República Argentina a la Convención Marco de las Naciones Unidas sobre el Cambio Climático (IBA3),,,,,,Link,https://unfccc.int/sites/default/files/resource/3er%20Informe%20Bienal%20de%20la%20Republica%20Argentina.pdf,,"Público general, Docentes, Juventudes, ONGs, Gestores públicos locales, Gestores públicos provinciales, Gestores públicos nacionales",Solo en biblioteca general,Marco Internacional (Tabla),Mitigación,
Año 2023: Inventario Nacional de Gases de Efecto Invernadero 2020 (ficha técnica en español).,,,,,Link,,https://ciam.ambiente.gob.ar/images/uploaded/recursos/556/Fichas%202023_Castellano%20(1).pdf,,"Público general, Docentes, Juventudes, ONGs, Gestores públicos locales, Gestores públicos provinciales, Gestores públicos nacionales",Solo en biblioteca general,Marco Internacional (Tabla),Mitigación,
Año 2024: Inventario Nacional de Gases de Efecto Invernadero 2022 (ficha técnica en español) - Transparencia Climática en la República Argentina,2024,,,,Link,,https://ciam.ambiente.gob.ar/images/uploaded/recursos/571/Fichas%202024_Castellano.pdf,,"Público general, Docentes, Juventudes, ONGs, Gestores públicos locales, Gestores públicos provinciales, Gestores públicos nacionales",Solo en biblioteca general,Marco Internacional (Tabla),Mitigación,
Cambios observados y escenarios climáticos futuros para Argentina para diferentes horizontes temporales y umbrales de calentamiento global,2023,,,Documento,Link,,https://ciam.ambiente.gob.ar/images/uploaded/recursos/544/Informe_FUNDACEN_2023.pdf,,"Público general, Docentes, Juventudes, ONGs, Gestores públicos locales, Gestores públicos provinciales, Gestores públicos nacionales",Solo en biblioteca general,Adaptación,Adaptación,
Exposición y vulnerabilidad del sistema de salud ante amenazas climáticas,2024,,,Documento,Link,,https://ciam.ambiente.gob.ar/images/uploaded/recursos/589/Copia(1)%20-%20Exposici%C3%B3n%20y%20vulnerabilidad%20del%20sistema%20de%20salud%20ante%20amenazas%20clim%C3%A1ticas.pdf,,,Solo en biblioteca general,Adaptación,Adaptación,
Plan de Acción Nacional de Bosques y Cambio Climático (2019),2019,"El Plan de Acción Nacional de Bosques y Cambio Climático (PANByCC) es un  instrumento de política pública y una herramienta de gestión operacional que tiene por objetivo general reducir las emisiones y aumentar la captura de GEI del sector, a través del fortalecimiento de la gestión sostenible de los bosques nativos. Estos objetivos están en línea con los compromisos nacionales e internacionales asumidos por la Argentina ante la CMNUCC, en el marco del Acuerdo de París. El PANByCC fue aprobado mediante Resolución de la Secretaría de Gobierno de Ambiente y Desarrollo Sustentable N° 447/2019.",Secretaría de Gobierno de Ambiente y Desarrollo Sustentable,Documento,Link,,https://ciam.ambiente.gob.ar/images/uploaded/recursos/595/plan_de_accion_nacional_de_bosques_y_cc_0.pdf,,"Público general, Pueblos indigenas, Docentes, Juventudes, Sector privado, ONGs, Gestores públicos locales, Gestores públicos provinciales, Gestores públicos nacionales, Incluir sólo en la estructuctura correspondiente",Solo en biblioteca general,Bosques para la acción climática,"Adaptación, Mitigación, Pérdidas y daños",
Informe Anual del Gabinete Nacional de la Ley N° 27.520 – Año 2024,2024,Informe de actividades del año 2024 Gabinete Nacional de la Ley N° 27.520 de presupuestos mínimos de adaptación y mitigación al cambio climático (GNCC),Gabinte Nacional de Cambio Climático,Documento,Link,,https://ciam.ambiente.gob.ar/images/uploaded/recursos/594/2024%20Informe%20Anual%20de%20Gesti%C3%B3n%20del%20Gabinete%20Nacional%20de%20la%20Ley%20N%C2%B027520.pdf,,"Público general, Pueblos indigenas, Docentes, Juventudes, Sector privado, ONGs, Gestores públicos locales, Gestores públicos provinciales, Gestores públicos nacionales, Incluir sólo en la estructuctura correspondiente",Solo en biblioteca general,GNCC,"Pérdidas y daños, Adaptación, Mitigación",
Índice de Aridez para escenarios climáticos futuros en Argentina.,2024,,,,Link,,https://ciam.ambiente.gob.ar/images/uploaded/recursos/592/Indice%20de%20Aridez%20para%20escenarios%20clim%C3%A1ticos%20futuros%20en%20Argentina.pdf,,,Solo en biblioteca general,Adaptación,Adaptación,
"Movilidad y cambio climático en Argentina
",2024,,,,,link,https://www.euroclima.org/idiomas/movilidad-y-cambio-climatico-en-argentina/viewdocument/605,,,Solo en biblioteca general,Pérdidas y daños,Adaptación,
Planilla proyectos 2024: Registro Nacional de Proyectos de Mitigación del Cambio Climático (RENAMI),2024,"Esta planilla de proyectos de mitigación del 2024 resulta parte de la tercera actualización consecutiva del RENAMI desde su primera publicación en el año 2022. El RENAMI informa los proyectos de mitigación existentes en el territorio nacional que hayan sido registrados en estándares y bases de datos de acceso público para la certificación y verificación de resultados de mitigación.  Los proyectos publicados a la fecha en esta versión del RENAMI, surgen del resultado de una sistematización de búsqueda de proyectos registrados en diversas fuentes de información (registros de determinados estándares del mercado voluntario y otras fuentes de información de acceso público) que se desarrollan en el territorio de la Argentina. Actualmente, no es posible inscribir un proyecto de manera voluntaria al RENAMI. El Registro incluirá su proyecto una vez que aparezca en el registro del correspondiente estándar aplicado para el desarrollo del mismo.",Subsecretaría de Ambiente,Excel,Link,,https://ciam.ambiente.gob.ar/images/uploaded/recursos/591/2024_renami_web.xlsx,,"Público general, Sector privado, ONGs, Gestores públicos locales, Gestores públicos provinciales, Gestores públicos nacionales",Solo en biblioteca general,Estrategia Nacional de Mercados de Carbono,"Pérdidas y daños, Adaptación, Mitigación",
Memora Técnica 2024: Registro Nacional de Proyectos de Mitigación del Cambio Climático (RENAMI),2024,Esta Memora Técnica 2024 resulta parte de la tercera actualización consecutiva del RENAMI desde su primera publicación en el año 2022. el RENAMI informa los proyectos de mitigación existentes en el territorio nacional que hayan sido registrados en estándares y bases de datos de acceso público para la certificación y verificación de resultados de mitigación. ,Subsecretaría de Ambiente,Documento,Link,,https://ciam.ambiente.gob.ar/images/uploaded/recursos/541/2024_Memoria%20del%20Registro%20REDD+_V.5.pdf,,"Público general, Sector privado, ONGs, Gestores públicos locales, Gestores públicos provinciales, Gestores públicos nacionales",Solo en biblioteca general,Estrategia Nacional de Mercados de Carbono,"Pérdidas y daños, Adaptación, Mitigación",
"Fichas de medidas de adaptación, mitigación o pérdidas y daños – Anexo II del  Segundo Plan Nacional de Adaptación y Mitigación al Cambio Climático,  Resolución MAyDS N° 146/2023 ",2022,"Fichas de medidas de adaptación, mitigación o pérdidas y daños, aprobada mediante el Anexo II del  Segundo Plan Nacional de Adaptación y Mitigación al Cambio Climático,  Resolución del Ministerio de Ambiente y Desarrollo Sostenible N° 146/2023",Ministerio de Ambiente y Desarrollo Sostenible,Documento,Link,,https://ciam.ambiente.gob.ar/images/uploaded/recursos/582/Fichas%20de%20medidas%20-%20Anexo%20II%20Segundo%20PNAyMCC%20-%20Resoluci%C3%B3n%20MAyDS%20N%C2%B0%20146-2023.pdf,,"Público general, Pueblos indigenas, Docentes, Juventudes, Sector privado, ONGs, Gestores públicos locales, Gestores públicos provinciales, Gestores públicos nacionales, Incluir sólo en la estructuctura correspondiente",Solo en biblioteca general,PNAyMCC,"Adaptación, Mitigación, Pérdidas y daños",
Primer Reporte de progreso: Implementación del segundo Plan Nacional de Adaptación y Mitigación al Cambio Climático. ,2024,"Transcurrido un año desde la publicación del segundo PNAyMCC, el presente documento tiene como objetivo reportar el progreso de la implementación de sus medidas. El alcance de este reporte se enfoca principalmente en las medidas del segundo PNAyMCC que cuentan con una meta al año 2023.  El monitoreo de los procesos y resultados de adaptación y mitigación en el marco del segundo Plan Nacional de Adaptación y Mitigación al Cambio Climático, da cuenta de los esfuerzos que está llevando adelante la República Argentina para alcanzar los objetivos comprometidos en su segunda Contribución Determinada a Nivel Nacional presentada en al año 2020, cuya meta de mitigación fue actualizada en el año 2021.",Subsecretaría de Ambiente,Documento,Link,,https://ciam.ambiente.gob.ar/images/uploaded/recursos/581/Primer%20Reporte%20de%20progreso%20Implementaci%C3%B3n%20del%20segundo%20PNAyMCC%20-%20Firmado.pdf,,"Público general, Pueblos indigenas, Docentes, Juventudes, Sector privado, ONGs, Gestores públicos locales, Gestores públicos provinciales, Gestores públicos nacionales, Incluir sólo en la estructuctura correspondiente",Solo en biblioteca general,PNAyMCC (BOTON- Descarga el Reporte del progreso),"Adaptación, Mitigación, Pérdidas y daños",
Informe Mesa Ampliada 2021 y Semana de Acción Climática del Gabinete Nacional de Cambio Climático de la Ley N° 27.520 (GNCC),2021,"En torno al Día Mundial del Clima se llevó a cabo la Semana de Acción Climática, del 22 al 26 de marzo, a fin de promover una sociedad proactiva frente a los efectos del cambio climático en el país e impulsar espacios de formación, intercambio y reflexión sobre la acción climática. Como objetivos específicos, la semana busca generar un espacio de formación, intercambio y reflexión sobre la acción climática, potenciando la articulación entre diversos sectores y actores; concientizar sobre la integración de las tres dimensiones del desarrollo sostenible; promover la participación ciudadana en el diseño de políticas públicas e institucionales; formar e intercambiar con referentes institucionales, profesionales, técnicas y técnicos herramientas e instrumentos que faciliten la acción climática en diversas escalas. Además, en el marco del trabajo llevado adelante por el Gabinete Nacional de Cambio Climático (GNCC), la Semana de Acción Climática concluyó con la primera Mesa Ampliada del año, con el propósito de abordar y reflexionar, de manera colaborativa con todos los actores, las grandes líneas de acción en torno al segundo Plan Nacional de Adaptación y Mitigación al Cambio Climático (PNAyMCC), la Estrategia de desarrollo resiliente con bajas emisiones a Largo Plazo (ELP) y Estrategia Nacional de Acción para el Empoderamiento Climático (ENACE).",Gabinte Nacional de Cambio Climático,Documento,Link,,https://ciam.ambiente.gob.ar/images/uploaded/recursos/580/2021%2003%20Mesa%20Ampliada%20y%20Semana%20de%20Acci%C3%B3n%20Clim%C3%A1tica.pdf,,"Público general, Pueblos indigenas, Docentes, Juventudes, Sector privado, ONGs, Gestores públicos locales, Gestores públicos provinciales, Gestores públicos nacionales, Incluir sólo en la estructuctura correspondiente",Ciudadanía,GNCC,"Adaptación, Mitigación, Pérdidas y daños",
Semana de la Acción Climática 2021 – Gabinete Nacional de Cambio Climático de la Ley N° 27.520 (GNCC),2021,"La Semana de Acción para el Empoderamiento Climático (SACE) consistió en un conjunto de actividades desarrolladas a lo largo de 4 días, de manera virtual, compuestas específicamente por 14 conversatorios y 10 talleres, con amplia convocatoria social y ciudadana, en la cual se propuso abordar la temática de Acción para el Empoderamiento Climático (ACE, por sus siglas en inglés) e instalar las bases para el impulso de la temática a nivel nacional involucrando a todos los sectores, actores y actrices con interés. El programa fue organizado acorde a los siguientes 5 elementos temáticos que componen la Acción para el Empoderamiento Climático: educación, participación ciudadana, acceso público a la información, sensibilización y formación. Los conversatorios han sido transmitidos en vivo por el canal de Youtube del Ministerio de Ambiente y Desarrollo Sostenible, y su grabación permanece disponible",Gabinte Nacional de Cambio Climático,Documento,Link,,https://ciam.ambiente.gob.ar/images/uploaded/recursos/579/2021%2010%20Semana%20de%20Acci%C3%B3n%20Clim%C3%A1tica.pdf,,"Público general, Pueblos indigenas, Docentes, Juventudes, Sector privado, ONGs, Gestores públicos locales, Gestores públicos provinciales, Gestores públicos nacionales, Incluir sólo en la estructuctura correspondiente",Ciudadanía,GNCC,"Adaptación, Mitigación, Pérdidas y daños",
Informe Mesa Ampliada 2021 del Gabinete Nacional de Cambio Climático de la Ley N° 27.520 (GNCC),2021,"Informe de la Mesa Ampliada Gabinete Nacional de Cambio Climático de la Ley N° 27.520 (GNCC) celebrada el 27 de octubre del 2021, en el cual se abordaron los avances sobre el segundo Plan Nacional de Adaptación y Mitigación al Cambio Climático (PNAyMCC) y de la Estrategia de desarrollo resiliente con bajas emisiones a Largo Plazo (ELP), compartiendo las principales líneas de los insumos que componen la política climática nacional a presentarse en la 26° Conferencia de las Partes (COP 26) de la Convención Marco de Naciones Unidas sobre Cambio Climático (CMNUCC).",Gabinte Nacional de Cambio Climático,Documento,Link,,https://ciam.ambiente.gob.ar/images/uploaded/recursos/578/2021%2010%20Mesa%20Ampliada.pdf,,"Público general, Pueblos indigenas, Docentes, Juventudes, Sector privado, ONGs, Gestores públicos locales, Gestores públicos provinciales, Gestores públicos nacionales, Incluir sólo en la estructuctura correspondiente",Ciudadanía,GNCC,"Adaptación, Mitigación, Pérdidas y daños",
Informe Mesa Ampliada 2022 del Gabinete Nacional de Cambio Climático de la Ley N° 27.520 (GNCC),2022,"Informe de la Mesa Ampliada Gabinete Nacional de Cambio Climático de la Ley N° 27.520 (GNCC) celebrada el 15 de diciembre del 2022, en el cual se abordaron los avances en las estrategias nacionales para la acción climática 2030 - 2050 —el segundo Plan Nacional de Adaptación y Mitigación al Cambio Climático (PNAyMCC) y de la Estrategia de desarrollo resiliente con bajas emisiones a Largo Plazo a 2050 (ELP)— y en el proceso participativo para la elaboración de la Estrategia Nacional de Acción para el Empoderamiento Climático (ENACE). A tales fines, se compartieron en un principio las principales líneas del PNAyMCC y la ELP, como fueran presentadas en la 27° Conferencia de las Partes (COP27) de la Convención Marco de Naciones Unidas sobre Cambio Climático (CMNUCC), y, por último, el estado de avance del proceso participativo para la elaboración de la ENACE.",Gabinte Nacional de Cambio Climático,Documento,Link,,https://ciam.ambiente.gob.ar/images/uploaded/recursos/576/2022%20Mesa%20Ampliada.pdf,,"Público general, Pueblos indigenas, Docentes, Juventudes, Sector privado, ONGs, Gestores públicos locales, Gestores públicos provinciales, Gestores públicos nacionales, Incluir sólo en la estructuctura correspondiente",Ciudadanía,GNCC,"Adaptación, Mitigación, Pérdidas y daños",
Encuentro por el Día Internacional contra el Cambio Climático: Políticas e iniciativas para la acción climática nacional,2023,"El Encuentro por el Día Internacional contra el Cambio Climático: Políticas e iniciativas para la acción climática nacional” se realizó con el fin de fomentar un espacio de reflexión y debate sobre la construcción de la política climática nacional para enfrentar al cambio climático junto a múltiples actores y sectores, en el marco de las actividades del Gabinete Nacional de Cambio Climático (GNCC) de la Ley N° 27.520.",Gabinte Nacional de Cambio Climático,Documento,Link,,https://ciam.ambiente.gob.ar/images/uploaded/recursos/575/2023%2011%20Encuentro%20por%20el%20D%C3%ADa%20Internacional%20contra%20el%20Cambio%20Clim%C3%A1tico%20Pol%C3%ADticas%20e%20iniciativas%20para%20la%20acci%C3%B3n%20clim%C3%A1tica%20nacional.pdf,,"Público general, Pueblos indigenas, Docentes, Juventudes, Sector privado, ONGs, Gestores públicos locales, Gestores públicos provinciales, Gestores públicos nacionales, Incluir sólo en la estructuctura correspondiente",Ciudadanía,-,"Adaptación, Mitigación, Pérdidas y daños",
Informe Mesa Ampliada 2024 del Gabinete Nacional de la Ley N° 27.520 (GNCC),2024,"Informe de la Mesa Ampliada del Gabinete Nacional de la Ley N° 27.520 (GNCC) celebrada el 7 de noviembre del 2024, en el cual se abordaron los avances del GNCC en el año 2024 y sus próximas actividades y se realizó la presentación preliminar de los resultados del primer Informe Bienal de Transparencia (IBT1).",Gabinte Nacional de Cambio Climático,Documento,Link,,https://ciam.ambiente.gob.ar/images/uploaded/recursos/574/Informe%20Mesa%20Ampliada%20GNCC%202024.pdf,,"Público general, Pueblos indigenas, Docentes, Juventudes, Sector privado, ONGs, Gestores públicos locales, Gestores públicos provinciales, Gestores públicos nacionales, Incluir sólo en la estructuctura correspondiente",Ciudadanía,GNCC,"Adaptación, Mitigación, Pérdidas y daños",
Resolución COFEMA N° 539/2023 - Ratifica Elementos Técnicos Mínimos para los Plan Respuesta al Cambio Climático de la Ley N° 27.520,2023,"Esta Resolución de COFEMA ratifica los elementos técnicos mínimos para la elaboración del Plan de Respuesta al Cambio Climático de las jurisdicciones, y el proceso de convalidación aprobados en el marco de la segunda Mesa de Articulación Provincial del Gabinete Nacional de Cambio Climático, de acuerdo al Acta N° 2/2023.",COFEMA,Documento,Link,,https://ciam.ambiente.gob.ar/images/uploaded/recursos/573/Resolucion%20N%C2%BA%20539-%20Ratifica%20elementos%20tecnicos%20minimos-%20Plan%20Respuesta%20al%20CC.pdf,,"Público general, Pueblos indigenas, Docentes, Juventudes, Sector privado, ONGs, Gestores públicos locales, Gestores públicos provinciales, Gestores públicos nacionales, Incluir sólo en la estructuctura correspondiente",Solo en biblioteca general,Planes de respuesta                                                                                                                   Ley 27.520,"Adaptación, Mitigación, Pérdidas y daños",
Acta Mesa de Articulación Provincia N° 1/2024 – Gabinete Nacional de Cambio Climático,2024,"Acta de la Mesa de Articulación Provincia N° 1/2024 – Gabinete Nacional de Cambio Climático de la Ley N° 27.520 mediante la cual se presentan los borradores de Plan de Respuesta de las provincias de La Pampa, Misiones y Jujuy en el marco del proceso de pre convalidación detallado en la Ley Nº 27.520 de Presupuestos Mínimos de Adaptación y Mitigación, su Decreto Reglamentario Nº 1030/2020 y el “Acuerdo de Funes” (Acta Nº 2/2023 de la Mesa de Articulación Provincial). ",Gabinte Nacional de Cambio Climático,Documento,Link,,https://ciam.ambiente.gob.ar/images/uploaded/recursos/572/Acta%20N%201%202024%20Mesa%20de%20Articulaci%C3%B3n%20Provincial%20GNCC.pdf,,"Público general, Pueblos indigenas, Docentes, Juventudes, Sector privado, ONGs, Gestores públicos locales, Gestores públicos provinciales, Gestores públicos nacionales, Incluir sólo en la estructuctura correspondiente",Solo en biblioteca general,GNCC,"Adaptación, Mitigación, Pérdidas y daños",